lang_iso_code,concept_id,ortho_form,raw_ipa,next_step
eng,1,eye,aɪ,validate
eng,2,ear,ɪə,validate
eng,3,nose,nəʊz,validate
eng,4,mouth,maʊθ,validate
eng,5,tooth,tuːθ,validate
eng,6,tongue,tʌŋ,validate
eng,7,lip,lɪp,validate
eng,8,cheek,t͡ʃiːk,validate
eng,9,face,feɪs,validate
eng,10,forehead,ˈfɒɹɪd,validate
eng,11,hair,heə,validate
eng,12,moustache,məˈstɑːʃ,validate
eng,13,beard,bɪəd,validate
eng,14,chin,t͡ʃɪn,validate
eng,15,jaw,d͡ʒɔː,validate
eng,16,throat,θɹəʊt,validate
eng,17,neck,nek,validate
eng,18,nape,neɪp,validate
eng,19,head,hed,validate
eng,20,back,bæk,validate
eng,20,spine,spaɪn,validate
eng,21,belly,ˈbelɪ,validate
eng,22,navel,ˈneɪvl,validate
eng,23,bosom,ˈbʊzəm,validate
eng,24,chest,t͡ʃest,validate
eng,24,breast,bɹest,validate
eng,25,shoulder,ˈʃəʊldə,validate
eng,26,arm,ɑːm,validate
eng,27,elbow,ˈelbəʊ,validate
eng,28,hand,hænd,validate
eng,29,palm,pɑːm,validate
eng,30,finger,ˈfɪŋɡə,validate
eng,31,fingernail,ˈfɪŋɡəneɪl,validate
eng,32,nail,neɪl,validate
eng,33,toe,təʊ,validate
eng,34,foot,fʊt,validate
eng,35,heel,hiːl,validate
eng,36,knee,niː,validate
eng,37,thigh,θaɪ,validate
eng,38,leg,leɡ,validate
eng,39,body,ˈbɒdɪ,validate
eng,40,skin,skɪn,validate
eng,41,blood,blʌd,validate
eng,42,vein,veɪn,validate
eng,43,sinew,ˈsɪnjuː,validate
eng,44,bone,bəʊn,validate
eng,45,brain,bɹeɪn,validate
eng,46,heart,hɑːt,validate
eng,47,stomach,ˈstʌmək,validate
eng,48,liver,ˈlɪvə,validate
eng,49,breath,bɹeθ,validate
eng,50,hunger,ˈhʌŋɡə,validate
eng,51,tear,tɪə,validate
eng,52,flavour,ˈfleɪvə,validate
eng,53,odour,ˈəʊdə,validate
eng,54,sleep,sliːp,validate
eng,55,dream,dɹiːm,validate
eng,56,sky,skaɪ,validate
eng,57,sun,sʌn,validate
eng,58,moon,muːn,validate
eng,59,star,stɑː,validate
eng,60,air,eə,validate
eng,61,wind,wɪnd,validate
eng,62,wave,weɪv,validate
eng,63,water,ˈwɔːtə,validate
eng,64,stone,stəʊn,validate
eng,65,soil,sɔɪl,validate
eng,65,ground,ɡɹaʊnd,validate
eng,66,earth,ɜːθ,validate
eng,67,dust,dʌst,validate
eng,68,smoke,sməʊk,validate
eng,69,spark,spɑːk,validate
eng,70,fire,ˈfaɪə,validate
eng,71,light,laɪt,validate
eng,72,shadow,ˈʃædəʊ,validate
eng,73,weather,ˈweðə,validate
eng,74,fog,fɒɡ,validate
eng,75,cloud,klaʊd,validate
eng,76,rain,ɹeɪn,validate
eng,77,snow,snəʊ,validate
eng,78,ice,aɪs,validate
eng,79,frost,fɹɒst,validate
eng,80,chill,t͡ʃɪl,validate
eng,81,heat,hiːt,validate
eng,82,hoarfrost,ˈhɔːfɹɒst,validate
eng,83,rainbow,ˈɹeɪnbəʊ,validate
eng,84,thunder,ˈθʌndə,validate
eng,85,current,ˈkʌɹənt,validate
eng,86,drop,dɹɒp,validate
eng,87,foam,fəʊm,validate
eng,88,dirt,dɜːt,validate
eng,89,lake,leɪk,validate
eng,90,swamp,swɒmp,validate
eng,91,moor,mʊə,validate
eng,92,meadow,ˈmedəʊ,validate
eng,93,forest,ˈfɒɹɪst,validate
eng,94,hill,hɪl,validate
eng,95,elevation,elɪˈveɪʃn,validate
eng,96,mountain,ˈmaʊntɪn,validate
eng,97,summit,ˈsʌmɪt,validate
eng,98,cave,keɪv,validate
eng,99,slope,sləʊp,validate
eng,100,source,sɔːs,validate
eng,101,brook,bɹʊk,validate
eng,102,river,ˈɹɪvə,validate
eng,103,shore,ʃɔː,validate
eng,104,coast,kəʊst,validate
eng,105,land,lænd,validate
eng,106,sea,siː,validate
eng,107,cove,kəʊv,validate
eng,108,island,ˈaɪlənd,validate
eng,109,flower,ˈflaʊə,validate
eng,110,grass,ɡɹɑːs,validate
eng,111,root,ɹuːt,validate
eng,112,tree,tɹiː,validate
eng,113,trunk,tɹʌŋk,validate
eng,114,bark,bɑːk,validate
eng,115,limb,lɪm,validate
eng,116,branch,bɹɑːnt͡ʃ,validate
eng,117,leaf,liːf,validate
eng,118,birch,bɜːt͡ʃ,validate
eng,119,pine,paɪn,validate
eng,120,willow,ˈwɪləʊ,validate
eng,121,fir,fɜː,validate
eng,122,horn,hɔːn,validate
eng,123,feather,ˈfeðə,validate
eng,124,fur,fɜː,validate
eng,125,wing,wɪŋ,validate
eng,126,claw,ˈklɔː,validate
eng,127,claw,ˈklɔː,validate
eng,128,tail,teɪl,validate
eng,129,egg,eɡ,validate
eng,130,nest,nest,validate
eng,131,lair,leə,validate
eng,132,animal,ˈænɪml,validate
eng,133,flock,flɒk,validate
eng,134,cow,kaʊ,validate
eng,135,bull,bʊl,validate
eng,136,horse,hɔːs,validate
eng,137,sheep,ʃiːp,validate
eng,138,pig,pɪɡ,validate
eng,139,dog,dɒɡ,validate
eng,140,cat,kæt,validate
eng,141,bear,beə,validate
eng,142,squirrel,ˈskwɪɹəl,validate
eng,143,elk,elk,validate
eng,144,fox,fɒks,validate
eng,145,hare,heə,validate
eng,146,mouse,maʊs,validate
eng,147,wolf,wʊlf,validate
eng,148,bird,bɜːd,validate
eng,149,swarm,swɔːm,validate
eng,150,chicken,ˈt͡ʃɪkɪn,validate
eng,151,cock,kɒk,validate
eng,152,goose,ɡuːs,validate
eng,153,eagle,ˈiːɡl,validate
eng,154,duck,dʌk,validate
eng,155,owl,aʊl,validate
eng,156,crane,kɹeɪn,validate
eng,157,crow,kɹəʊ,validate
eng,158,cuckoo,ˈkʊkuː,validate
eng,159,swan,swɒn,validate
eng,160,fish,fɪʃ,validate
eng,161,perch,pɜːt͡ʃ,validate
eng,162,pike,peɪk,validate
eng,163,snake,sneɪk,validate
eng,164,worm,wɜːm,validate
eng,165,spider,ˈspaɪdə,validate
eng,166,ant,ænt,validate
eng,167,louse,laʊs,validate
eng,168,midge,mɪd͡ʒ,validate
eng,169,fly,flaɪ,validate
eng,170,butterfly,ˈbʌtəflaɪ,validate
eng,171,berry,ˈbeɹɪ,validate
eng,172,apple,ˈæpl,validate
eng,173,mushroom,ˈmʌʃɹʊm,validate
eng,174,onion,ˈʌnjən,validate
eng,175,seed,siːd,validate
eng,176,grain,ɡɹeɪn,validate
eng,177,hay,heɪ,validate
eng,178,husk,hʌsk,validate
eng,179,pit,pɪt,validate
eng,180,trap,tɹæp,validate
eng,181,noose,nuːs,validate
eng,182,track,tɹæk,validate
eng,183,ashes,ˈæʃɪz,validate
eng,184,filth,fɪlθ,validate
eng,185,iron,ˈaɪən,validate
eng,186,gold,ɡəʊld,validate
eng,187,silver,ˈsɪlvə,validate
eng,188,coal,kəʊl,validate
eng,189,glass,ɡlɑːs,validate
eng,190,clay,kleɪ,validate
eng,191,sand,sænd,validate
eng,192,human,ˈhjuːmən,validate
eng,193,man,mæn,validate
eng,194,woman,ˈwʊmən,validate
eng,195,child,t͡ʃaɪld,validate
eng,196,boy,bɔɪ,validate
eng,197,girl,ɡɜːl,validate
eng,198,family,ˈfæməlɪ,validate
eng,199,grandfather,ˈɡɹændˌfɑːðə,validate
eng,200,grandmother,ˈɡɹænˌmʌðə,validate
eng,201,parents,ˈpeəɹənts,validate
eng,202,father,ˈfɑːðə,validate
eng,203,mother,ˈmʌðə,validate
eng,204,son,sʌn,validate
eng,205,daughter,ˈdɔːtə,validate
eng,206,brother,ˈbɹʌðə,validate
eng,207,sister,ˈsɪstə,validate
eng,208,uncle,ˈʌŋkl,validate
eng,209,aunt,ɑːnt,validate
eng,210,husband,ˈhʌzbənd,validate
eng,211,wife,waɪf,validate
eng,212,joy,ˈd͡ʒɔɪ,validate
eng,213,laughter,ˈlɑːftə,validate
eng,214,happiness,ˈhæpɪnes,validate
eng,215,grief,ɡɹiːf,validate
eng,216,wish,wɪʃ,validate
eng,217,desire,dɪˈzaɪə,validate
eng,218,spirit,ˈspɪɹɪt,validate
eng,219,thought,θɔːt,validate
eng,220,memory,ˈmeməɹɪ,validate
eng,221,mind,maɪnd,validate
eng,222,meaning,ˈmiːnɪŋ,validate
eng,223,reason,ˈɹiːzn,validate
eng,224,truth,tɹuːθ,validate
eng,225,talk,tɔːk,validate
eng,226,fairy tale,ˈfeəɹɪ ˌteɪl,validate
eng,227,story,ˈstɔːɹɪ,validate
eng,228,message,ˈmesɪd͡ʒ,validate
eng,229,news,njuːz,validate
eng,230,name,neɪm,validate
eng,231,puzzle,ˈpʌzl,validate
eng,232,speech,spiːt͡ʃ,validate
eng,233,language,ˈlæŋɡwɪd͡ʒ,validate
eng,234,voice,vɔɪs,validate
eng,235,word,wɜːd,validate
eng,236,sign,saɪn,validate
eng,237,call,kɔːl,validate
eng,238,noise,nɔɪz,validate
eng,239,sound,saʊnd,validate
eng,240,tone,təʊn,validate
eng,241,song,sɒŋ,validate
eng,242,calm,kɑːm,validate
eng,243,people,ˈpiːpl,validate
eng,244,nation,ˈneɪʃn,validate
eng,245,work,wɜːk,validate
eng,246,guest,ɡest,validate
eng,247,gift,ɡɪft,validate
eng,248,game,ɡeɪm,validate
eng,249,company,ˈkʌmpənɪ,validate
eng,250,help,help,validate
eng,251,friend,fɹend,validate
eng,252,companion,kəmˈpænjən,validate
eng,253,matter,ˈmætə,validate
eng,254,count,ˈkaʊnt,validate
eng,255,sort,sɔːt,validate
eng,256,piece,piːs,validate
eng,257,part,pɑːt,validate
eng,258,half,hɑːf,validate
eng,259,circle,ˈsɜːkl,validate
eng,260,cross,kɹɒs,validate
eng,261,line,laɪn,validate
eng,262,stroke,stɹəʊk,validate
eng,263,gap,ɡæp,validate
eng,264,distance,ˈdɪstəns,validate
eng,265,area,ˈeəɹɪə,validate
eng,266,space,speɪs,validate
eng,267,place,pleɪs,validate
eng,268,side,saɪd,validate
eng,269,middle,ˈmɪdl,validate
eng,270,item,ˈaɪtəm,validate
eng,271,thing,θɪŋ,validate
eng,272,fringe,fɹɪnd͡ʒ,validate
eng,273,edge,ed͡ʒ,validate
eng,274,corner,ˈkɔːnə,validate
eng,275,tip,tɪp,validate
eng,276,end,end,validate
eng,277,hole,həʊl,validate
eng,278,angle,ˈæŋɡl,validate
eng,279,pattern,ˈpætən,validate
eng,280,size,saɪz,validate
eng,281,length,leŋθ,validate
eng,282,height,haɪt,validate
eng,283,weight,weɪt,validate
eng,284,amount,əˈmaʊnt,validate
eng,285,heap,hiːp,validate
eng,286,row,ɹəʊ,validate
eng,287,boat,bəʊt,validate
eng,288,oar,ɔː,validate
eng,289,sleigh,sleɪ,validate
eng,290,ski,skiː,validate
eng,291,campfire,ˈkæmpfaɪə,validate
eng,292,load,ləʊd,validate
eng,293,walk,wɔːk,validate
eng,294,step,step,validate
eng,295,north,nɔːθ,validate
eng,296,south,saʊθ,validate
eng,297,west,west,validate
eng,298,east,iːst,validate
eng,299,wood,wʊd,validate
eng,300,board,bɔːd,validate
eng,301,slab,slæb,validate
eng,302,bracket,ˈbɹækɪt,validate
eng,303,pole,pəʊl,validate
eng,304,stick,stɪk,validate
eng,305,staff,stɑːf,validate
eng,306,pipe,paɪp,validate
eng,307,house,haʊs,validate
eng,308,home,həʊm,validate
eng,309,stove,stəʊv,validate
eng,310,floor,flɔː,validate
eng,311,table,ˈteɪbl,validate
eng,312,chair,t͡ʃeə,validate
eng,313,cradle,ˈkɹeɪdl,validate
eng,314,bed,bed,validate
eng,315,shelf,ʃelf,validate
eng,316,box,bɒks,validate
eng,317,window,ˈwɪndəʊ,validate
eng,318,door,dɔː,validate
eng,319,gate,ɡeɪt,validate
eng,320,fence,fens,validate
eng,321,roof,ɹuːf,validate
eng,322,ladder,ˈlædə,validate
eng,323,broom,bɹuːm,validate
eng,324,spade,speɪd,validate
eng,325,shovel,ˈʃʌvl,validate
eng,326,fork,fɔːk,validate
eng,327,spoon,spuːn,validate
eng,328,knife,naɪf,validate
eng,329,nail,neɪl,validate
eng,330,net,net,validate
eng,331,hook,hʊk,validate
eng,332,handle,ˈhændl,validate
eng,333,lock,lɒk,validate
eng,334,picture,ˈpɪkt͡ʃə,validate
eng,335,figure,ˈfɪɡə,validate
eng,336,doll,dɒl,validate
eng,337,pouch,paʊt͡ʃ,validate
eng,338,bundle,ˈbʌndl,validate
eng,339,bag,bæɡ,validate
eng,340,bucket,ˈbʌkɪt,validate
eng,341,cover,ˈkʌvə,validate
eng,342,dishes,ˈdɪʃɪz,validate
eng,343,sack,sæk,validate
eng,344,cup,kʌp,validate
eng,345,pot,pɒt,validate
eng,346,kettle,ˈketl,validate
eng,347,meal,miːl,validate
eng,348,food,fuːd,validate
eng,349,dish,dɪʃ,validate
eng,350,meat,miːt,validate
eng,351,corn,kɔːn,validate
eng,352,mush,mʌʃ,validate
eng,353,bread,bɹed,validate
eng,354,slice,slaɪs,validate
eng,355,fat,fæt,validate
eng,356,butter,ˈbʌtə,validate
eng,357,oil,ɔɪl,validate
eng,358,salt,sɔːlt,validate
eng,359,soup,suːp,validate
eng,360,honey,ˈhʌnɪ,validate
eng,361,milk,mɪlk,validate
eng,362,tea,tiː,validate
eng,363,leather,ˈleðə,validate
eng,364,wool,wʊl,validate
eng,365,cloth,klɒθ,validate
eng,366,needle,ˈniːdl,validate
eng,367,thread,θɹed,validate
eng,368,button,ˈbʌtn,validate
eng,369,knot,nɒt,validate
eng,370,paint,peɪnt,validate
eng,371,clothes,kləʊðz,validate
eng,372,shirt,ʃɜːt,validate
eng,373,collar,ˈkɒlə,validate
eng,374,sleeve,sliːv,validate
eng,375,trousers,ˈtɹaʊzəz,validate
eng,376,belt,belt,validate
eng,377,cap,kæp,validate
eng,378,shoe,ʃuː,validate
eng,379,boot,buːt,validate
eng,380,ring,ɹɪŋ,validate
eng,381,ribbon,ˈɹɪbən,validate
eng,382,comb,kəʊm,validate
eng,383,mirror,ˈmɪɹə,validate
eng,384,strap,stɹæp,validate
eng,385,string,stɹɪŋ,validate
eng,386,leash,liːʃ,validate
eng,387,blanket,ˈblæŋkɪt,validate
eng,388,pillow,ˈpɪləʊ,validate
eng,389,scarf,skɑːf,validate
eng,390,towel,ˈtaʊəl,validate
eng,391,force,fɔːs,validate
eng,392,strength,stɹeŋθ,validate
eng,393,health,helθ,validate
eng,394,illness,ˈɪlnəs,validate
eng,395,pain,peɪn,validate
eng,396,wound,wuːnd,validate
eng,397,fever,ˈfiːvə,validate
eng,398,medicine,ˈmedsɪn,validate
eng,399,bridge,bɹɪd͡ʒ,validate
eng,400,well,wel,validate
eng,401,pasture,ˈpɑːst͡ʃə,validate
eng,402,path,pɑːθ,validate
eng,403,way,weɪ,validate
eng,404,road,ɹəʊd,validate
eng,405,village,ˈvɪlɪd͡ʒ,validate
eng,406,town,taʊn,validate
eng,407,letter,ˈletə,validate
eng,408,book,bʊk,validate
eng,409,character,ˈkæɹəktə,validate
eng,410,newspaper,ˈnjuːsˌpeɪpə,validate
eng,411,life,laɪf,validate
eng,412,death,deθ,validate
eng,413,grave,ɡɹeɪv,validate
eng,414,church,t͡ʃɜːt͡ʃ,validate
eng,415,sin,sɪn,validate
eng,416,god,ɡɒd,validate
eng,417,worker,ˈwɜːkə,validate
eng,418,boss,bɒs,validate
eng,419,master,ˈmɑːstə,validate
eng,420,doctor,ˈdɒktə,validate
eng,421,teacher,ˈtiːt͡ʃə,validate
eng,422,money,ˈmʌnɪ,validate
eng,423,business,ˈbɪznɪs,validate
eng,424,shop,ʃɒp,validate
eng,425,price,pɹaɪs,validate
eng,426,ware,ˈweə,validate
eng,427,profit,ˈpɹɒfɪt,validate
eng,428,wealth,welθ,validate
eng,429,world,wɜːld,validate
eng,430,country,ˈkʌntɹɪ,validate
eng,431,state,steɪt,validate
eng,432,king,kɪŋ,validate
eng,433,power,ˈpaʊə,validate
eng,434,border,ˈbɔːdə,validate
eng,435,war,wɔː,validate
eng,436,enemy,ˈenəmɪ,validate
eng,437,violence,ˈvaɪələns,validate
eng,438,fight,faɪt,validate
eng,439,bow,bəʊ,validate
eng,440,arrow,ˈæɹəʊ,validate
eng,441,gun,ɡʌn,validate
eng,442,mistake,mɪˈsteɪk,validate
eng,443,lie,laɪ,validate
eng,444,damage,ˈdæmɪd͡ʒ,validate
eng,445,misfortune,mɪsˈfɔːt͡ʃuːn,validate
eng,446,fault,fɔːlt,validate
eng,447,age,eɪd͡ʒ,validate
eng,448,conclusion,kənˈkluːʒn,validate
eng,449,time,taɪm,validate
eng,450,day,deɪ,validate
eng,451,morning,ˈmɔːnɪŋ,validate
eng,452,noon,nuːn,validate
eng,453,evening,ˈiːvnɪŋ,validate
eng,454,night,naɪt,validate
eng,455,week,wiːk,validate
eng,456,month,mʌnθ,validate
eng,457,year,jɪə,validate
eng,458,spring,spɹɪŋ,validate
eng,459,summer,ˈsʌmə,validate
eng,460,autumn,ˈɔːtəm,validate
eng,461,winter,ˈwɪntə,validate
eng,462,January,ˈd͡ʒænʊəɹɪ,validate
eng,463,February,ˈfebɹʊəɹɪ,validate
eng,464,March,mɑːt͡ʃ,validate
eng,465,April,ˈeɪpɹəl,validate
eng,466,May,meɪ,validate
eng,467,June,d͡ʒuːn,validate
eng,468,July,d͡ʒuːˈlaɪ,validate
eng,469,August,ˈɔːɡəst,validate
eng,470,September,sepˈtembə,validate
eng,471,October,ɒkˈtəʊbə,validate
eng,472,November,nəʊˈvembə,validate
eng,473,December,dɪˈsembə,validate
eng,474,Monday,ˈmʌndɪ,validate
eng,475,Tuesday,ˈtjuːzdeɪ,validate
eng,476,Wednesday,ˈwenzdeɪ,validate
eng,477,Thursday,ˈθɜːzdeɪ,validate
eng,478,Friday,ˈfɹaɪdɪ,validate
eng,479,Saturday,ˈsætədɪ,validate
eng,480,Sunday,ˈsʌndɪ,validate
eng,481,big,bɪɡ,validate
eng,482,little,ˈlɪtl,validate
eng,483,long,lɒŋ,validate
eng,484,short,ʃɔːt,validate
eng,485,wide,waɪd,validate
eng,486,narrow,ˈnæɹəʊ,validate
eng,487,dense,ˈdens,validate
eng,488,thick,θɪk,validate
eng,489,thin,θɪn,validate
eng,490,delicate,ˈdelɪkət,validate
eng,491,firm,fɜːm,validate
eng,492,flat,flæt,validate
eng,493,smooth,smuːð,validate
eng,494,hard,hɑːd,validate
eng,495,soft,sɒft,validate
eng,496,round,ɹaʊnd,validate
eng,497,pointed,ˈpɔɪntɪd,validate
eng,498,sharp,ʃɑːp,validate
eng,499,blunt,blʌnt,validate
eng,500,heavy,ˈhevɪ,validate
eng,501,beautiful,ˈbjuːtəfʊl,validate
eng,502,hot,hɒt,validate
eng,503,warm,wɔːm,validate
eng,504,cold,kəʊld,validate
eng,505,cool,kuːl,validate
eng,506,fresh,fɹeʃ,validate
eng,507,damp,dæmp,validate
eng,508,wet,wet,validate
eng,509,dry,dɹaɪ,validate
eng,510,full,fʊl,validate
eng,511,empty,ˈemptɪ,validate
eng,512,open,ˈəʊpən,validate
eng,513,closed,kləʊzd,validate
eng,514,clean,kliːn,validate
eng,515,dirty,ˈdɜːtɪ,validate
eng,516,raw,ɹɔː,validate
eng,517,ripe,ɹaɪp,validate
eng,518,delicious,dɪˈlɪʃəs,validate
eng,519,sweet,swiːt,validate
eng,520,bitter,ˈbɪtə,validate
eng,521,sour,ˈsaʊə,validate
eng,522,bright,bɹaɪt,validate
eng,523,dark,dɑːk,validate
eng,524,black,blæk,validate
eng,525,white,waɪt,validate
eng,526,red,ɹed,validate
eng,527,yellow,ˈjeləʊ,validate
eng,528,blue,bluː,validate
eng,529,green,ɡɹiːn,validate
eng,530,grey,ɡɹeɪ,validate
eng,531,colourful,ˈkʌləfʊl,validate
eng,532,cheap,t͡ʃiːp,validate
eng,533,dear,dɪə,validate
eng,534,precious,ˈpɹeʃəs,validate
eng,535,blind,blaɪnd,validate
eng,536,deaf,def,validate
eng,537,powerful,ˈpaʊəfʊl,validate
eng,538,strong,stɹɒŋ,validate
eng,539,weak,wiːk,validate
eng,540,fat,fæt,validate
eng,541,slim,slɪm,validate
eng,542,pretty,ˈpɹɪtɪ,validate
eng,543,evil,ˈiːvl,validate
eng,544,stupid,ˈstjuːpɪd,validate
eng,545,lazy,ˈleɪzɪ,validate
eng,546,diligent,ˈdɪlɪd͡ʒənt,validate
eng,547,stingy,ˈstɪnd͡ʒɪ,validate
eng,548,clever,ˈklevə,validate
eng,549,skilful,ˈskɪlfʊl,validate
eng,550,dear,dɪə,validate
eng,551,merry,ˈmeɹɪ,validate
eng,552,gentle,ˈd͡ʒentl,validate
eng,553,hungry,ˈhʌŋɡɹɪ,validate
eng,554,sick,sɪk,validate
eng,555,naked,ˈneɪkɪd,validate
eng,556,sad,sæd,validate
eng,557,living,ˈlɪvɪŋ,validate
eng,558,good,ɡʊd,validate
eng,559,bad,bæd,validate
eng,560,correct,kəˈɹekt,validate
eng,561,nasty,ˈnɑːstɪ,validate
eng,562,true,tɹuː,validate
eng,563,old,əʊld,validate
eng,564,new,njuː,validate
eng,565,former,ˈfɔːmə,validate
eng,566,aged,eɪd͡ʒd,validate
eng,567,young,jʌŋ,validate
eng,568,poor,pɔː,validate
eng,569,rich,ɹɪt͡ʃ,validate
eng,570,familiar,fəˈmɪljə,validate
eng,571,famous,ˈfeɪməs,validate
eng,572,foreign,ˈfɒɹən,validate
eng,573,different,ˈdɪfɹənt,validate
eng,574,near,nɪə,validate
eng,575,far,fɑː,validate
eng,576,left,left,validate
eng,577,right,ɹaɪt,validate
eng,578,other,ˈʌðə,validate
eng,579,first,fɜːst,validate
eng,580,second,ˈsekənd,validate
eng,581,third,θɜːd,validate
eng,582,last,lɑːst,validate
eng,583,alone,əˈləʊn,validate
eng,584,at once,ət ˈwʌns,validate
eng,585,together,təˈɡeðə,validate
eng,586,long,lɒŋ,validate
eng,587,suddenly,ˈsʌdnlɪ,validate
eng,588,instantly,ˈɪnstəntlɪ,validate
eng,589,later,ˈleɪtə,validate
eng,590,now,naʊ,validate
eng,591,today,təˈdeɪ,validate
eng,592,tomorrow,təˈmɒɹəʊ,validate
eng,593,soon,suːn,validate
eng,594,then,ðen,validate
eng,595,yesterday,ˈjestədɪ,validate
eng,596,once,wʌns,validate
eng,597,at that time,ət ˈðæt ˌtaɪm,validate
eng,598,afterwards,ˈɑːftəwədz,validate
eng,599,before,bɪˈfɔː,validate
eng,600,at first,æt ˈfɜːst,validate
eng,601,once,wʌns,validate
eng,602,sometimes,ˈsʌmtaɪmz,validate
eng,603,often,ˈɒfn,validate
eng,604,always,ˈɔːlweɪz,validate
eng,605,never,ˈnevə,validate
eng,606,here,hɪə,validate
eng,607,hither,ˈhɪðə,validate
eng,608,hence,ˈhɛns,validate
eng,609,there,ðeə,validate
eng,610,thither,ˈθɪðə,validate
eng,611,ahead,əˈhed,validate
eng,612,forward,ˈfɔːwəd,validate
eng,613,backward,ˈbækwəd,validate
eng,614,back,bæk,validate
eng,615,below,bɪˈləʊ,validate
eng,616,down,daʊn,validate
eng,617,above,əˈbʌv,validate
eng,618,up,ʌp,validate
eng,619,everywhere,ˈevɹɪweə,validate
eng,620,not,nɒt,validate
eng,621,a little,ə ˈlɪtl,validate
eng,622,hardly,ˈhɑːdlɪ,validate
eng,623,very,ˈveɹɪ,validate
eng,624,so,səʊ,validate
eng,625,still,stɪl,validate
eng,626,only,ˈəʊnlɪ,validate
eng,627,already,ɔːlˈɹedɪ,validate
eng,628,again,əˈɡen,validate
eng,629,in vain,ɪn ˈveɪn,validate
eng,630,in front of,ɪn ˈfɹʌnt əv,validate
eng,631,behind,bɪˈhaɪnd,validate
eng,632,under,ˈʌndə,validate
eng,633,through,θɹuː,validate
eng,634,next to,ˈneks tə,validate
eng,635,between,bɪˈtwiːn,validate
eng,636,because of,bɪˈkɒz əv,validate
eng,637,this,ðɪs,validate
eng,638,that,ðæt,validate
eng,639,everything,ˈevɹɪθɪŋ,validate
eng,640,I,aɪ,validate
eng,641,you,juː,validate
eng,641,thou,ðaʊ,validate
eng,642,he,hiː,validate
eng,643,we,wiː,validate
eng,644,you,juː,validate
eng,645,they,ðeɪ,validate
eng,646,what,wɒt,validate
eng,647,who,huː,validate
eng,648,where,weə,validate
eng,649,where ... to,ˈweə ˌtʊ,validate
eng,650,how,haʊ,validate
eng,651,why,waɪ,validate
eng,652,how much,ˌhaʊ ˈmʌt͡ʃ,validate
eng,653,one,wʌn,validate
eng,654,two,tuː,validate
eng,655,three,θɹiː,validate
eng,656,four,fɔː,validate
eng,657,five,faɪv,validate
eng,658,six,sɪks,validate
eng,659,seven,ˈsevn,validate
eng,660,eight,eɪt,validate
eng,661,nine,naɪn,validate
eng,662,ten,ten,validate
eng,663,eleven,ɪˈlevn,validate
eng,664,twelve,twelv,validate
eng,665,twenty,ˈtwentɪ,validate
eng,666,thirty,ˈθɜːtɪ,validate
eng,667,forty,ˈfɔːtɪ,validate
eng,668,fifty,ˈfɪftɪ,validate
eng,669,sixty,ˈsɪkstɪ,validate
eng,670,seventy,ˈsevntɪ,validate
eng,671,eighty,ˈeɪtɪ,validate
eng,672,ninety,ˈnaɪntɪ,validate
eng,673,a hundred,ə ˈhʌndɹəd,validate
eng,674,a thousand,ə ˈθaʊznd,validate
eng,675,and,ænd,validate
eng,676,or,ɔː,validate
eng,677,stand,stænd,validate
eng,678,sit,sɪt,validate
eng,679,lie,laɪ,validate
eng,680,hang,hæŋ,validate
eng,681,become,bɪˈkʌm,validate
eng,682,happen,ˈhæpən,validate
eng,683,begin,bɪˈɡɪn,validate
eng,684,end,end,validate
eng,685,change,t͡ʃeɪnd͡ʒ,validate
eng,686,rise,ɹaɪz,validate
eng,687,set,set,validate
eng,688,shine,ʃaɪn,validate
eng,689,thunder,ˈθʌndə,validate
eng,690,blow,bləʊ,validate
eng,691,stream,stɹiːm,validate
eng,692,flow,fləʊ,validate
eng,693,revolve,ɹɪˈvɒlv,validate
eng,694,sway,sweɪ,validate
eng,695,swing,swɪŋ,validate
eng,696,fall,fɔːl,validate
eng,697,burn,bɜːn,validate
eng,698,smoke,sməʊk,validate
eng,699,rain,ɹeɪn,validate
eng,700,freeze,fɹiːz,validate
eng,701,thaw,θɔː,validate
eng,702,melt,melt,validate
eng,703,dry,dɹaɪ,validate
eng,704,boil,bɔɪl,validate
eng,705,rot,ɹɒt,validate
eng,706,decay,dɪˈkeɪ,validate
eng,707,snap,snæp,validate
eng,708,sink,sɪŋk,validate
eng,709,pass,pɑːs,validate
eng,710,appear,əˈpɪə,validate
eng,711,disappear,ˌdɪsəˈpɪə,validate
eng,712,drop,dɹɒp,validate
eng,713,decrease,diːˈkɹiːs,validate
eng,714,increase,ɪnˈkɹiːs,validate
eng,715,rise,ɹaɪz,validate
eng,716,grow,ɡɹəʊ,validate
eng,717,shine,ʃaɪn,validate
eng,718,sparkle,ˈspɑːkl,validate
eng,719,be noisy,bɪ ˈnɔɪzɪ,validate
eng,720,chime,t͡ʃaɪm,validate
eng,721,ring,ɹɪŋ,validate
eng,722,tinkle,ˈtɪŋɬl,validate
eng,723,roar,ɹɔː,validate
eng,724,rustle,ˈɹʌsl,validate
eng,725,sound,saʊnd,validate
eng,726,bark,bɑːk,validate
eng,727,howl,haʊl,validate
eng,728,blow,bləʊ,validate
eng,729,whistle,ˈwɪsl,validate
eng,730,shout,ʃaʊt,validate
eng,731,groan,ɡɹəʊn,validate
eng,732,tremble,ˈtɹembl,validate
eng,733,be alive,bɪ əˈlaɪv,validate
eng,734,be born,bi ˈbɔːn,validate
eng,735,breathe,bɹiːð,validate
eng,736,drink,dɹɪŋk,validate
eng,737,eat,iːt,validate
eng,738,swallow,ˈswɒləʊ,validate
eng,739,get tired,ˌɡet ˈtaɪəd,validate
eng,740,fall asleep,fɔːl əˈsliːp,validate
eng,741,sleep,sliːp,validate
eng,742,wake up,ˌweɪk ˈʌp,validate
eng,743,get up,ˌɡetˈʌp,validate
eng,744,relax,ɹɪˈlæks,validate
eng,745,fall ill,fɔːl ˈɪl,validate
eng,746,be ill,ˌbiː ɪl,validate
eng,747,ache,eɪk,validate
eng,748,cough,kɒf,validate
eng,749,recover,ɹɪˈkʌvə,validate
eng,750,die,daɪ,validate
eng,751,perish,ˈpeɹɪʃ,validate
eng,752,move,muːv,validate
eng,753,budge,bʌd͡ʒ,validate
eng,754,stand up,stænd ˈʌp,validate
eng,755,sit down,sɪt ˈdaʊn,validate
eng,756,tumble,ˈtʌmbl,validate
eng,757,walk,wɔːk,validate
eng,758,pace,ˈpeɪs,validate
eng,759,go for a walk,ˌɡəʊ fɔː ə ˈwɔːk,validate
eng,760,rush,ɹʌʃ,validate
eng,761,hurry,ˈhʌɹɪ,validate
eng,762,dash,dæʃ,validate
eng,763,run,ɹʌn,validate
eng,764,jump,d͡ʒʌmp,validate
eng,765,climb,klaɪm,validate
eng,766,seesaw,ˈsiːsɔː,validate
eng,767,creep,kɹiːp,validate
eng,768,swim,swɪm,validate
eng,769,dive,daɪv,validate
eng,770,row,ɹəʊ,validate
eng,771,drive,dɹaɪv,validate
eng,772,fly,flaɪ,validate
eng,773,go,ɡəʊ,validate
eng,774,go away,ˌɡəʊ əˈweɪ,validate
eng,775,depart,dɪˈpɑːt,validate
eng,776,stop,stɒp,validate
eng,777,go in,ˌɡəʊ ˈɪn,validate
eng,778,enter,ˈentə,validate
eng,779,come,kʌm,validate
eng,780,arrive,əˈɹaɪv,validate
eng,781,come back,kʌm ˈbæk,validate
eng,782,stay,steɪ,validate
eng,783,wait,weɪt,validate
eng,784,wait for,ˈweɪt fɔː,validate
eng,785,seek,siːk,validate
eng,785,look for,ˈlʊk fə,validate
eng,786,find,faɪnd,validate
eng,787,try,tɹaɪ,validate
eng,788,prepare,pɹɪˈpeə,validate
eng,789,love,lʌv,validate
eng,790,like,laɪk,validate
eng,791,laugh,lɑːf,validate
eng,792,move,muːv,validate
eng,793,weep,wiːp,validate
eng,794,grumble,ˈɡɹʌmbl,validate
eng,795,be annoyed,biː əˈnɔɪd,validate
eng,796,be afraid,bɪ əˈfɹeɪd,validate
eng,797,be afraid of,bɪ əˈfɹeɪd əv,validate
eng,798,flee,fliː,validate
eng,799,escape,ɪˈskeɪp,validate
eng,800,see,siː,validate
eng,801,look at,ˈlʊk ət,validate
eng,802,watch,wɒt͡ʃ,validate
eng,803,hear,hɪə,validate
eng,804,listen,ˈlɪsn,validate
eng,805,taste,teɪst,validate
eng,806,smell,smel,validate
eng,807,feel,fiːl,validate
eng,808,seem,siːm,validate
eng,809,show,ʃəʊ,validate
eng,810,hear,hɪə,validate
eng,811,be cold,bɪ ˈkəʊld,validate
eng,812,do,duː,validate
eng,813,can,kæn,validate
eng,814,want,wɒnt,validate
eng,815,start,stɑːt,validate
eng,816,finish,ˈfɪnɪʃ,validate
eng,817,stop,stɒp,validate
eng,818,succeed,səkˈsiːd,validate
eng,819,turn out,ˌtɜːn ˈaʊt,validate
eng,820,open,ˈəʊpən,validate
eng,821,close,kləʊz,validate
eng,822,put,pʊt,validate
eng,823,place,pleɪs,validate
eng,824,lay,leɪ,validate
eng,825,touch,tʌt͡ʃ,validate
eng,826,connect,kəˈnekt,validate
eng,827,cover,ˈkʌvə,validate
eng,828,hang up,ˌhæŋ ˈʌp,validate
eng,829,light,laɪt,validate
eng,830,pick up,ˌpɪk ˈʌp,validate
eng,831,leave,liːv,validate
eng,832,lose,luːz,validate
eng,833,drop,dɹɒp,validate
eng,834,make,meɪk,validate
eng,835,produce,pɹəˈdjuːs,validate
eng,836,build,bɪld,validate
eng,837,mend,mend,validate
eng,838,improve,ɪmˈpɹuːv,validate
eng,839,alter,ˈɔːltə,validate
eng,840,dig,dɪɡ,validate
eng,841,bow,baʊ,validate
eng,842,bend,bend,validate
eng,843,spin,spɪn,validate
eng,844,turn,tɜːn,validate
eng,845,turn around,tɜːn əˈɹaʊnd,validate
eng,846,raise,ɹeɪz,validate
eng,847,lift,lɪft,validate
eng,848,seize,siːz,validate
eng,849,hold,həʊld,validate
eng,850,press,pɹes,validate
eng,851,push,pʊʃ,validate
eng,852,scrape,skɹeɪp,validate
eng,853,lick,lɪk,validate
eng,854,bite,baɪt,validate
eng,855,tear off,teə ˈɒf,validate
eng,856,cut off,kʌt ˈɒf,validate
eng,857,tie,taɪ,validate
eng,858,stick,stɪk,validate
eng,859,break,bɹeɪk,validate
eng,860,knock,nɒk,validate
eng,861,hit,hɪt,validate
eng,862,glue,ɡluː,validate
eng,863,rub,ɹʌb,validate
eng,864,spread,spɹed,validate
eng,865,grind,ɡɹaɪnd,validate
eng,866,cut,kʌt,validate
eng,867,jolt,d͡ʒəʊlt,validate
eng,868,shake,ʃeɪk,validate
eng,869,swing,swɪŋ,validate
eng,870,pour,pɔː,validate
eng,871,fill,fɪl,validate
eng,872,wrap,ɹæp,validate
eng,873,carry,ˈkæɹɪ,validate
eng,874,drag,dɹæɡ,validate
eng,875,pull,pʊl,validate
eng,876,keep,kiːp,validate
eng,877,throw,θɹəʊ,validate
eng,878,catch,kæt͡ʃ,validate
eng,879,grab,ɡɹæb,validate
eng,880,hide,haɪd,validate
eng,881,divide,dɪˈvaɪd,validate
eng,882,send,send,validate
eng,883,bring,bɹɪŋ,validate
eng,884,add,æd,validate
eng,885,get,ɡet,validate
eng,886,receive,ɹɪˈsiːv,validate
eng,887,take,teɪk,validate
eng,888,choose,t͡ʃuːz,validate
eng,889,select,sɪˈlekt,validate
eng,890,preserve,pɹɪˈzɜːv,validate
eng,891,hinder,ˈhɪndə,validate
eng,892,spoil,spɔɪl,validate
eng,893,damage,ˈdæmɪd͡ʒ,validate
eng,894,break,bɹeɪk,validate
eng,895,tear,teə,validate
eng,896,destroy,dɪˈstɹɔɪ,validate
eng,897,burn,bɜːn,validate
eng,898,give,ɡɪv,validate
eng,899,hand,hænd,validate
eng,900,give,ɡɪv,validate
eng,901,promise,ˈpɹɒmɪs,validate
eng,902,wish,wɪʃ,validate
eng,903,praise,pɹeɪz,validate
eng,904,kiss,kɪs,validate
eng,905,rock,ɹɒk,validate
eng,906,cover,ˈkʌvə,validate
eng,907,wake,weɪk,validate
eng,908,show,ʃəʊ,validate
eng,909,guide,ɡaɪd,validate
eng,910,teach,tiːt͡ʃ,validate
eng,911,instruct,ɪnˈstɹʌkt,validate
eng,912,bring up,ˌbɹɪŋˈʌp,validate
eng,913,lead,liːd,validate
eng,914,urge,ɜːd͡ʒ,validate
eng,915,let,let,validate
eng,916,invite,ɪnˈvaɪt,validate
eng,917,unite,juːˈnaɪt,validate
eng,918,visit,ˈvɪzɪt,validate
eng,919,meet,miːt,validate
eng,920,assemble,əˈsembl,validate
eng,921,play,pleɪ,validate
eng,922,sing,sɪŋ,validate
eng,923,dance,dɑːns,validate
eng,924,separate,ˈsepəɹeɪt,validate
eng,925,leave,liːv,validate
eng,926,rescue,ˈɹeskjuː,validate
eng,927,guard,ɡɑːd,validate
eng,928,protect,pɹəˈtekt,validate
eng,929,defend,dɪˈfend,validate
eng,930,brawl,bɹɔːl,validate
eng,931,shoot,ʃuːt,validate
eng,932,win,wɪn,validate
eng,933,annoy,əˈnɔɪ,validate
eng,934,beat,biːt,validate
eng,935,kick,kɪk,validate
eng,936,sting,stɪŋ,validate
eng,937,shove,ʃʌv,validate
eng,938,steal,stiːl,validate
eng,939,disturb,dɪˈstɜːb,validate
eng,940,bother,ˈbɒðə,validate
eng,941,conceal,kənˈsiːl,validate
eng,942,deceive,dɪˈsiːv,validate
eng,943,cheat,t͡ʃiːt,validate
eng,944,kill,kɪl,validate
eng,945,dwell,dwel,validate
eng,946,work,wɜːk,validate
eng,947,gather,ˈɡæðə,validate
eng,948,pick,pɪk,validate
eng,949,hunt,hʌnt,validate
eng,950,fish,fɪʃ,validate
eng,951,catch,kæt͡ʃ,validate
eng,952,herd,hɜːd,validate
eng,953,drive,dɹaɪv,validate
eng,954,tie up,ˌtaɪ ˈʌp,validate
eng,955,feed,fiːd,validate
eng,956,milk,mɪlk,validate
eng,957,chop,t͡ʃɒp,validate
eng,958,water,ˈwɔːtə,validate
eng,959,ripen,ˈɹaɪpən,validate
eng,960,cook,kʊk,validate
eng,961,boil,bɔɪl,validate
eng,962,bake,beɪk,validate
eng,963,fry,fɹaɪ,validate
eng,964,stir,stɜː,validate
eng,965,knit,nɪt,validate
eng,966,sew,səʊ,validate
eng,967,dye,daɪ,validate
eng,968,clean,kliːn,validate
eng,969,wash,wɒʃ,validate
eng,970,wipe,waɪp,validate
eng,971,rinse,ɹɪnz,validate
eng,972,sweep,swiːp,validate
eng,973,sweep,swiːp,validate
eng,974,bath,bɑːθ,validate
eng,975,wash,wɒʃ,validate
eng,976,take off,teɪk ˈɒf,validate
eng,977,put on,pʊt ˈɒn,validate
eng,978,get dressed,ɡet ˈdɹest,validate
eng,979,comb,kəʊm,validate
eng,980,decorate,ˈdekəɹeɪt,validate
eng,981,say,seɪ,validate
eng,982,speak,spiːk,validate
eng,983,talk,tɔːk,validate
eng,984,chat,t͡ʃæt,validate
eng,985,ask,ɑːsk,validate
eng,986,request,ɹɪˈkwest,validate
eng,987,tell,tel,validate
eng,988,convey,kənˈveɪ,validate
eng,989,name,neɪm,validate
eng,990,call,kɔːl,validate
eng,991,brag,bɹæɡ,validate
eng,992,translate,tɹænsˈleɪt,validate
eng,993,think,θɪŋk,validate
eng,994,believe,bɪˈliːv,validate
eng,995,notice,ˈnəʊtɪs,validate
eng,996,recognize,ˈɹekəɡnaɪz,validate
eng,997,grasp,ɡɹɑːsp,validate
eng,998,understand,ˌʌndəˈstænd,validate
eng,999,learn,lɜːn,validate
eng,1000,know,nəʊ,validate
eng,1001,remember,ɹɪˈmembə,validate
eng,1002,forget,fəˈɡet,validate
eng,1003,measure,ˈmeʒə,validate
eng,1004,count,ˈkaʊnt,validate
eng,1005,calculate,ˈkælkjʊleɪt,validate
eng,1006,read,ɹiːd,validate
eng,1007,paint,peɪnt,validate
eng,1008,draw,dɹɔː,validate
eng,1009,write,ɹaɪt,validate
eng,1010,own,əʊn,validate
eng,1011,buy,baɪ,validate
eng,1012,sell,sel,validate
eng,1013,pay for,ˈpeɪ fɔː,validate
eng,1014,pay,peɪ,validate
eng,1015,rule,ɹuːl,validate
eng,1016,endure,ɪnˈdjʊə,validate
